{
  "metadata": {
    "version": "2.0",
    "created": "2025-11-10 20:41:03",
    "last_updated": "2025-11-11 14:34:15",
    "total_institutions": 102,
    "total_ai_calls": 102
  },
  "institutions": {
    "duke univ health system|durham|usa": {
      "institution_full_name": "Duke Univ Hlth Syst",
      "departments": [
        "Sch Med",
        "Dept Med"
      ],
      "city": "Durham",
      "state": "NC",
      "zip_code": "27710",
      "country": "USA",
      "confidence": 0.98,
      "_metadata": {
        "added_at": "2025-11-10 20:41:05",
        "source": "gemini_ai",
        "original_query": {
          "institution": "Duke Univ Health System",
          "city": "Durham",
          "country": "USA"
        }
      }
    },
    "duke cancer inst|durham|usa": {
      "institution_full_name": "Duke Canc Inst",
      "departments": [
        "Oncol & Hematol"
      ],
      "city": "Durham",
      "state": "NC",
      "zip_code": "27710",
      "country": "USA",
      "confidence": 0.98,
      "_metadata": {
        "added_at": "2025-11-10 20:41:07",
        "source": "gemini_ai",
        "original_query": {
          "institution": "Duke Cancer Inst",
          "city": "Durham",
          "country": "USA"
        }
      }
    },
    "the univ north carolina chapel hill|chapel hill|usa": {
      "institution_full_name": "Univ N Carolina Chapel Hill",
      "departments": [
        "Sch Med",
        "Dept Biol"
      ],
      "city": "Chapel Hill",
      "state": "NC",
      "zip_code": "27599",
      "country": "USA",
      "confidence": 0.98,
      "_metadata": {
        "added_at": "2025-11-10 20:41:11",
        "source": "gemini_ai",
        "original_query": {
          "institution": "The Univ North Carolina Chapel Hill",
          "city": "Chapel Hill",
          "country": "USA"
        }
      }
    },
    "imagerie moléculaire et stratégies théranostiques imost|clermontferrand|france": {
      "institution_full_name": "Imaging Mol & Theranost Strateg (IMoST)",
      "departments": [
        "Mol Imaging",
        "Theranost"
      ],
      "city": "Clermont Ferrand",
      "state": null,
      "zip_code": "63000",
      "country": "France",
      "confidence": 0.9,
      "_metadata": {
        "added_at": "2025-11-10 20:41:15",
        "source": "gemini_ai",
        "original_query": {
          "institution": "Imagerie Moléculaire et Stratégies Théranostiques (IMoST)",
          "city": "Clermont-Ferrand",
          "country": "France"
        }
      }
    },
    "adventhealth cancer inst|orlando|usa": {
      "institution_full_name": "AdventHlth Canc Inst",
      "departments": [
        "Oncol & Hematol"
      ],
      "city": "Orlando",
      "state": "FL",
      "zip_code": "32804",
      "country": "USA",
      "confidence": 0.95,
      "_metadata": {
        "added_at": "2025-11-10 20:41:18",
        "source": "gemini_ai",
        "original_query": {
          "institution": "AdventHealth Cancer Inst",
          "city": "Orlando",
          "country": "USA"
        }
      }
    },
    "faculty med|abu dis|palestine": {
      "institution_full_name": "Al Quds Univ, Fac Med",
      "departments": [
        "Sch Med"
      ],
      "city": "Abu Dis",
      "state": null,
      "zip_code": null,
      "country": "Palestine",
      "confidence": 0.95,
      "_metadata": {
        "added_at": "2025-11-10 20:41:25",
        "source": "gemini_ai",
        "original_query": {
          "institution": "Faculty Med",
          "city": "Abu Dis",
          "country": "Palestine"
        }
      }
    },
    "alquds univ|abu dis|palestine": {
      "institution_full_name": "Al-Quds Univ",
      "departments": [
        "Sch Med",
        "Dept Biol"
      ],
      "city": "Abu Dis",
      "state": null,
      "zip_code": "91510",
      "country": "Palestine",
      "confidence": 0.9,
      "_metadata": {
        "added_at": "2025-11-10 20:41:29",
        "source": "gemini_ai",
        "original_query": {
          "institution": "Al-Quds Univ",
          "city": "Abu Dis",
          "country": "Palestine"
        }
      }
    },
    "edith wolfson med ctr israel|holon|israel": {
      "institution_full_name": "Edith Wolfson Med Ctr",
      "departments": [
        "Dept Med",
        "Dept Surg"
      ],
      "city": "Holon",
      "state": null,
      "zip_code": "58100",
      "country": "Israel",
      "confidence": 0.95,
      "_metadata": {
        "added_at": "2025-11-10 20:41:32",
        "source": "gemini_ai",
        "original_query": {
          "institution": "Edith Wolfson Med Ctr Israel",
          "city": "Holon",
          "country": "Israel"
        }
      }
    },
    "tel aviv univ|tel avivyafo|israel": {
      "institution_full_name": "Tel Aviv Univ",
      "departments": [
        "Sch Med",
        "Dept Biol Sci"
      ],
      "city": "Tel Aviv-Yafo",
      "state": null,
      "zip_code": "6997801",
      "country": "Israel",
      "confidence": 0.98,
      "_metadata": {
        "added_at": "2025-11-10 20:41:36",
        "source": "gemini_ai",
        "original_query": {
          "institution": "Tel Aviv Univ",
          "city": "Tel Aviv-Yafo",
          "country": "Israel"
        }
      }
    },
    "institut de cancerologie gustave roussy|villejuif|france": {
      "institution_full_name": "Inst Canc Gustave Roussy",
      "departments": [
        "Oncol & Hematol"
      ],
      "city": "Villejuif",
      "state": null,
      "zip_code": "94805",
      "country": "France",
      "confidence": 0.98,
      "_metadata": {
        "added_at": "2025-11-10 20:41:39",
        "source": "gemini_ai",
        "original_query": {
          "institution": "Institut de Cancerologie Gustave Roussy",
          "city": "Villejuif",
          "country": "France"
        }
      }
    },
    "azienda ospedalierouniversitaria santandrea|rome|italy": {
      "institution_full_name": "Azienda Osp Univ Sant Andrea",
      "departments": [
        "Dept Med"
      ],
      "city": "Rome",
      "state": null,
      "zip_code": "00189",
      "country": "Italy",
      "confidence": 0.95,
      "_metadata": {
        "added_at": "2025-11-10 20:41:44",
        "source": "gemini_ai",
        "original_query": {
          "institution": "Azienda Ospedaliero-Universitaria Sant'Andrea",
          "city": "Rome",
          "country": "Italy"
        }
      }
    },
    "univ genova|genoa|italy": {
      "institution_full_name": "Univ Genova",
      "departments": [
        "Sch Med",
        "Dept Phys"
      ],
      "city": "Genoa",
      "state": null,
      "zip_code": "16126",
      "country": "Italy",
      "confidence": 0.95,
      "_metadata": {
        "added_at": "2025-11-10 20:41:47",
        "source": "gemini_ai",
        "original_query": {
          "institution": "Univ Genova",
          "city": "Genoa",
          "country": "Italy"
        }
      }
    },
    "irccs san martino polyclinic hosp|genoa|italy": {
      "institution_full_name": "IRCCS San Martino Polyclin Hosp",
      "departments": [
        "Dept Med",
        "Dept Surg"
      ],
      "city": "Genoa",
      "state": "Liguria",
      "zip_code": "16132",
      "country": "Italy",
      "confidence": 0.95,
      "_metadata": {
        "added_at": "2025-11-10 20:41:52",
        "source": "gemini_ai",
        "original_query": {
          "institution": "IRCCS San Martino Polyclinic Hosp",
          "city": "Genoa",
          "country": "Italy"
        }
      }
    },
    "irccs regina elena natl cancer inst|rome|italy": {
      "institution_full_name": "IRCCS Regina Elena Natl Canc Inst",
      "departments": [
        "Med Oncol"
      ],
      "city": "Rome",
      "state": "Lazio",
      "zip_code": "00144",
      "country": "Italy",
      "confidence": 0.95,
      "_metadata": {
        "added_at": "2025-11-10 20:41:55",
        "source": "gemini_ai",
        "original_query": {
          "institution": "IRCCS Regina Elena Natl Cancer Inst",
          "city": "Rome",
          "country": "Italy"
        }
      }
    },
    "kanagawa cancer ctr res inst|yokohama|japan": {
      "institution_full_name": "Kanagawa Canc Ctr Res Inst",
      "departments": [
        "Oncol & Hematol"
      ],
      "city": "Yokohama",
      "state": "Kanagawa",
      "zip_code": "241-8515",
      "country": "Japan",
      "confidence": 0.95,
      "_metadata": {
        "added_at": "2025-11-10 20:41:58",
        "source": "gemini_ai",
        "original_query": {
          "institution": "Kanagawa Cancer Ctr Res Inst",
          "city": "Yokohama",
          "country": "Japan"
        }
      }
    },
    "servicio oncología|florida|argentina": {
      "institution_full_name": "Servicio Oncol",
      "departments": [
        "Oncol & Hematol"
      ],
      "city": "Florida",
      "state": "Buenos Aires",
      "zip_code": "B1602",
      "country": "Argentina",
      "confidence": 0.75,
      "_metadata": {
        "added_at": "2025-11-10 20:42:05",
        "source": "gemini_ai",
        "original_query": {
          "institution": "Servicio Oncología",
          "city": "Florida",
          "country": "Argentina"
        }
      }
    },
    "ibima|malaga|spain": {
      "institution_full_name": "Inst Biomed Res Malaga",
      "departments": [
        "Biomed Res",
        "Clin Res"
      ],
      "city": "Malaga",
      "state": "Malaga",
      "zip_code": "29010",
      "country": "Spain",
      "confidence": 0.95,
      "_metadata": {
        "added_at": "2025-11-10 20:42:11",
        "source": "gemini_ai",
        "original_query": {
          "institution": "IBIMA",
          "city": "Malaga",
          "country": "Spain"
        }
      }
    },
    "the christie nhs foundation trust|manchester|england": {
      "institution_full_name": "Christie NHS Fdn Trust",
      "departments": [
        "Oncol & Hematol"
      ],
      "city": "Manchester",
      "state": null,
      "zip_code": "M20 4BX",
      "country": "England",
      "confidence": 0.95,
      "_metadata": {
        "added_at": "2025-11-10 20:42:14",
        "source": "gemini_ai",
        "original_query": {
          "institution": "The Christie NHS Foundation Trust",
          "city": "Manchester",
          "country": "England"
        }
      }
    },
    "peter maccallum cancer ctr|melbourne|australia": {
      "institution_full_name": "Peter MacCallum Canc Ctr",
      "departments": [
        "Oncol & Hematol"
      ],
      "city": "Melbourne",
      "state": "Victoria",
      "zip_code": "3000",
      "country": "Australia",
      "confidence": 0.95,
      "_metadata": {
        "added_at": "2025-11-10 20:42:17",
        "source": "gemini_ai",
        "original_query": {
          "institution": "Peter Maccallum Cancer Ctr",
          "city": "Melbourne",
          "country": "Australia"
        }
      }
    },
    "univ melbourne|melbourne|australia": {
      "institution_full_name": "Univ Melbourne",
      "departments": [
        "Sch Med",
        "Dept Biol Sci"
      ],
      "city": "Melbourne",
      "state": "Victoria",
      "zip_code": "3010",
      "country": "Australia",
      "confidence": 0.98,
      "_metadata": {
        "added_at": "2025-11-10 20:42:20",
        "source": "gemini_ai",
        "original_query": {
          "institution": "Univ Melbourne",
          "city": "Melbourne",
          "country": "Australia"
        }
      }
    },
    "shanghai chest hosp|shanghai|peoples r china": {
      "institution_full_name": "Shanghai Chest Hosp",
      "departments": [
        "Dept Thorac Surg",
        "Dept Respirat Med"
      ],
      "city": "Shanghai",
      "state": "Shanghai",
      "zip_code": "200030",
      "country": "Peoples R China",
      "confidence": 0.95,
      "_metadata": {
        "added_at": "2025-11-10 20:42:23",
        "source": "gemini_ai",
        "original_query": {
          "institution": "Shanghai Chest Hosp",
          "city": "Shanghai",
          "country": "Peoples R China"
        }
      }
    },
    "istanbul univcerrahpaşa cerrahpaşa faculty med|istanbul|turkiye": {
      "institution_full_name": "Istanbul Univ-Cerrahpasa, Cerrahpasa Fac Med",
      "departments": [
        "Sch Med"
      ],
      "city": "Istanbul",
      "state": null,
      "zip_code": "34098",
      "country": "Turkiye",
      "confidence": 0.95,
      "_metadata": {
        "added_at": "2025-11-10 20:42:28",
        "source": "gemini_ai",
        "original_query": {
          "institution": "İstanbul Univ-Cerrahpaşa Cerrahpaşa Faculty Med",
          "city": "Istanbul",
          "country": "Turkiye"
        }
      }
    },
    "xuzhou med univ|xuzhou|peoples r china": {
      "institution_full_name": "Xuzhou Med Univ",
      "departments": [
        "Sch Med"
      ],
      "city": "Xuzhou",
      "state": "Jiangsu",
      "zip_code": "221004",
      "country": "Peoples R China",
      "confidence": 0.95,
      "_metadata": {
        "added_at": "2025-11-11 14:12:17",
        "source": "gemini_ai",
        "original_query": {
          "institution": "Xuzhou Med Univ",
          "city": "Xuzhou",
          "country": "Peoples R China"
        }
      }
    },
    "the first affiliated hosp chongqing med univ|chongqing|peoples r china": {
      "institution_full_name": "First Affil Hosp Chongqing Med Univ",
      "departments": [
        "Dept Med",
        "Dept Surg"
      ],
      "city": "Chongqing",
      "state": "Chongqing",
      "zip_code": "400016",
      "country": "Peoples R China",
      "confidence": 0.95,
      "_metadata": {
        "added_at": "2025-11-11 14:12:18",
        "source": "gemini_ai",
        "original_query": {
          "institution": "The First Affiliated Hosp Chongqing Med Univ",
          "city": "Chongqing",
          "country": "Peoples R China"
        }
      }
    },
    "lishui central hosp|lishui|peoples r china": {
      "institution_full_name": "Lishui Cent Hosp",
      "departments": [
        "Dept Med",
        "Dept Surg"
      ],
      "city": "Lishui",
      "state": "Zhejiang",
      "zip_code": "323000",
      "country": "Peoples R China",
      "confidence": 0.85,
      "_metadata": {
        "added_at": "2025-11-11 14:12:20",
        "source": "gemini_ai",
        "original_query": {
          "institution": "Lishui Central Hosp",
          "city": "Lishui",
          "country": "Peoples R China"
        }
      }
    },
    "stollery childrens hosp|edmonton|canada": {
      "institution_full_name": "Stollery Children's Hosp",
      "departments": [
        "Pediatr"
      ],
      "city": "Edmonton",
      "state": "AB",
      "zip_code": null,
      "country": "Canada",
      "confidence": 0.95,
      "_metadata": {
        "added_at": "2025-11-11 14:12:21",
        "source": "gemini_ai",
        "original_query": {
          "institution": "Stollery Children's Hosp",
          "city": "Edmonton",
          "country": "Canada"
        }
      }
    },
    "king faisal specialist hosp res ctr|riyadh|saudi arabia": {
      "institution_full_name": "King Faisal Spec Hosp & Res Ctr",
      "departments": [
        "Med Oncol",
        "Oncol & Hematol"
      ],
      "city": "Riyadh",
      "state": null,
      "zip_code": null,
      "country": "Saudi Arabia",
      "confidence": 0.95,
      "_metadata": {
        "added_at": "2025-11-11 14:12:22",
        "source": "gemini_ai",
        "original_query": {
          "institution": "King Faisal Specialist Hosp & Res Ctr",
          "city": "Riyadh",
          "country": "Saudi Arabia"
        }
      }
    },
    "protean biodiagnostics|orlando|usa": {
      "institution_full_name": "Protean BioDiagnostics",
      "departments": [],
      "city": "Orlando",
      "state": "FL",
      "zip_code": null,
      "country": "USA",
      "confidence": 0.75,
      "_metadata": {
        "added_at": "2025-11-11 14:12:23",
        "source": "gemini_ai",
        "original_query": {
          "institution": "Protean BioDiagnostics",
          "city": "Orlando",
          "country": "USA"
        }
      }
    },
    "univ central florida|orlando|usa": {
      "institution_full_name": "Univ Central Florida",
      "departments": [
        "Sch Eng & Comp Sci",
        "Dept Math"
      ],
      "city": "Orlando",
      "state": "FL",
      "zip_code": "32816",
      "country": "USA",
      "confidence": 0.98,
      "_metadata": {
        "added_at": "2025-11-11 14:12:24",
        "source": "gemini_ai",
        "original_query": {
          "institution": "Univ Central Florida",
          "city": "Orlando",
          "country": "USA"
        }
      }
    },
    "childrens hosp eastern ontario|ottawa|canada": {
      "institution_full_name": "Childn Hosp Eastern Ontario",
      "departments": [
        "Pediatr"
      ],
      "city": "Ottawa",
      "state": "ON",
      "zip_code": "K1H 8L1",
      "country": "Canada",
      "confidence": 0.95,
      "_metadata": {
        "added_at": "2025-11-11 14:12:26",
        "source": "gemini_ai",
        "original_query": {
          "institution": "Children's Hosp Eastern Ontario",
          "city": "Ottawa",
          "country": "Canada"
        }
      }
    },
    "dept pharmaceutics|suzhou|peoples r china": {
      "institution_full_name": "Dept Pharmaceutics",
      "departments": [
        "Dept Pharmaceutics"
      ],
      "city": "Suzhou",
      "state": "Jiangsu",
      "zip_code": "215006",
      "country": "Peoples R China",
      "confidence": 0.85,
      "_metadata": {
        "added_at": "2025-11-11 14:12:27",
        "source": "gemini_ai",
        "original_query": {
          "institution": "Dept Pharmaceutics",
          "city": "Suzhou",
          "country": "Peoples R China"
        }
      }
    },
    "the first affiliated hosp soochow univ|suzhou|peoples r china": {
      "institution_full_name": "First Affil Hosp Soochow Univ",
      "departments": [
        "Dept Med",
        "Dept Surg"
      ],
      "city": "Suzhou",
      "state": "Jiangsu",
      "zip_code": "215006",
      "country": "Peoples R China",
      "confidence": 0.95,
      "_metadata": {
        "added_at": "2025-11-11 14:12:28",
        "source": "gemini_ai",
        "original_query": {
          "institution": "The First Affiliated Hosp Soochow Univ",
          "city": "Suzhou",
          "country": "Peoples R China"
        }
      }
    },
    "ltd|suzhou|peoples r china": {
      "institution_full_name": "Ltd.",
      "departments": [],
      "city": "Suzhou",
      "state": "Jiangsu",
      "zip_code": null,
      "country": "Peoples R China",
      "confidence": 0.6,
      "_metadata": {
        "added_at": "2025-11-11 14:12:29",
        "source": "gemini_ai",
        "original_query": {
          "institution": "Ltd.",
          "city": "Suzhou",
          "country": "Peoples R China"
        }
      }
    },
    "soochow univ|suzhou|peoples r china": {
      "institution_full_name": "Soochow Univ",
      "departments": [
        "Sch Med",
        "Dept Pathol"
      ],
      "city": "Suzhou",
      "state": "Jiangsu",
      "zip_code": "215006",
      "country": "Peoples R China",
      "confidence": 0.92,
      "_metadata": {
        "added_at": "2025-11-11 14:12:31",
        "source": "gemini_ai",
        "original_query": {
          "institution": "Soochow Univ",
          "city": "Suzhou",
          "country": "Peoples R China"
        }
      }
    },
    "ltd|wuxi|peoples r china": {
      "institution_full_name": "Jiangsu Univ",
      "departments": [
        "Sch Med"
      ],
      "city": "Wuxi",
      "state": "Jiangsu",
      "zip_code": "214028",
      "country": "Peoples R China",
      "confidence": 0.85,
      "_metadata": {
        "added_at": "2025-11-11 14:12:32",
        "source": "gemini_ai",
        "original_query": {
          "institution": "Ltd.",
          "city": "Wuxi",
          "country": "Peoples R China"
        }
      }
    },
    "kunshan hosp traditional chinese med|kunshan|peoples r china": {
      "institution_full_name": "Kunshan Hosp Trad Chinese Med",
      "departments": [
        "Dept Trad Chinese Med"
      ],
      "city": "Kunshan",
      "state": "Jiangsu",
      "zip_code": "215300",
      "country": "Peoples R China",
      "confidence": 0.85,
      "_metadata": {
        "added_at": "2025-11-11 14:12:34",
        "source": "gemini_ai",
        "original_query": {
          "institution": "Kunshan Hosp Traditional Chinese Med",
          "city": "Kunshan",
          "country": "Peoples R China"
        }
      }
    },
    "hangzhou normal univ|hangzhou|peoples r china": {
      "institution_full_name": "Hangzhou Normal Univ",
      "departments": [],
      "city": "Hangzhou",
      "state": "Zhejiang",
      "zip_code": "311121",
      "country": "Peoples R China",
      "confidence": 0.95,
      "_metadata": {
        "added_at": "2025-11-11 14:12:35",
        "source": "gemini_ai",
        "original_query": {
          "institution": "Hangzhou Normal Univ",
          "city": "Hangzhou",
          "country": "Peoples R China"
        }
      }
    },
    "cixi biomedical res inst|wenzhou|peoples r china": {
      "institution_full_name": "Cixi Biomed Res Inst",
      "departments": [],
      "city": "Wenzhou",
      "state": "Zhejiang",
      "zip_code": "325000",
      "country": "Peoples R China",
      "confidence": 0.85,
      "_metadata": {
        "added_at": "2025-11-11 14:12:37",
        "source": "gemini_ai",
        "original_query": {
          "institution": "Cixi Biomedical Res Inst",
          "city": "Wenzhou",
          "country": "Peoples R China"
        }
      }
    },
    "translational med ctr|beijing|peoples r china": {
      "institution_full_name": "Translational Med Ctr",
      "departments": [
        "Med"
      ],
      "city": "Beijing",
      "state": "Beijing",
      "zip_code": null,
      "country": "Peoples R China",
      "confidence": 0.75,
      "_metadata": {
        "added_at": "2025-11-11 14:12:39",
        "source": "gemini_ai",
        "original_query": {
          "institution": "Translational Med Ctr",
          "city": "Beijing",
          "country": "Peoples R China"
        }
      }
    },
    "beijing chest hosp|beijing|peoples r china": {
      "institution_full_name": "Beijing Chest Hosp",
      "departments": [
        "Pulm Med"
      ],
      "city": "Beijing",
      "state": "Beijing",
      "zip_code": "100029",
      "country": "Peoples R China",
      "confidence": 0.9,
      "_metadata": {
        "added_at": "2025-11-11 14:12:41",
        "source": "gemini_ai",
        "original_query": {
          "institution": "Beijing Chest Hosp",
          "city": "Beijing",
          "country": "Peoples R China"
        }
      }
    },
    "inst materia medica|beijing|peoples r china": {
      "institution_full_name": "Inst Materia Medica",
      "departments": [
        "Pharmacol"
      ],
      "city": "Beijing",
      "state": "Beijing",
      "zip_code": "100050",
      "country": "Peoples R China",
      "confidence": 0.85,
      "_metadata": {
        "added_at": "2025-11-11 14:12:42",
        "source": "gemini_ai",
        "original_query": {
          "institution": "Inst Materia Medica",
          "city": "Beijing",
          "country": "Peoples R China"
        }
      }
    },
    "assam pharm inst|jorhat|india": {
      "institution_full_name": "Assam Pharm Inst",
      "departments": [],
      "city": "Jorhat",
      "state": "Assam",
      "zip_code": null,
      "country": "India",
      "confidence": 0.85,
      "_metadata": {
        "added_at": "2025-11-11 14:17:50",
        "source": "gemini_ai",
        "original_query": {
          "institution": "Assam Pharm Inst",
          "city": "Jorhat",
          "country": "India"
        }
      }
    },
    "kaziranga univ|jorhat|india": {
      "institution_full_name": "Kaziranga Univ",
      "departments": [],
      "city": "Jorhat",
      "state": "Assam",
      "zip_code": null,
      "country": "India",
      "confidence": 0.85,
      "_metadata": {
        "added_at": "2025-11-11 14:17:51",
        "source": "gemini_ai",
        "original_query": {
          "institution": "Kaziranga Univ",
          "city": "Jorhat",
          "country": "India"
        }
      }
    },
    "girijananda chowdhury univ|guwahati|india": {
      "institution_full_name": "Girijananda Chowdhury Univ",
      "departments": [],
      "city": "Guwahati",
      "state": "Assam",
      "zip_code": null,
      "country": "India",
      "confidence": 0.75,
      "_metadata": {
        "added_at": "2025-11-11 14:17:52",
        "source": "gemini_ai",
        "original_query": {
          "institution": "Girijananda Chowdhury Univ",
          "city": "Guwahati",
          "country": "India"
        }
      }
    },
    "med school nanjing univ|nanjing|peoples r china": {
      "institution_full_name": "Med Sch Nanjing Univ",
      "departments": [
        "Sch Med"
      ],
      "city": "Nanjing",
      "state": "Jiangsu",
      "zip_code": "210009",
      "country": "Peoples R China",
      "confidence": 0.95,
      "_metadata": {
        "added_at": "2025-11-11 14:17:53",
        "source": "gemini_ai",
        "original_query": {
          "institution": "Med School Nanjing Univ",
          "city": "Nanjing",
          "country": "Peoples R China"
        }
      }
    },
    "nanjing univ chinese med|nanjing|peoples r china": {
      "institution_full_name": "Nanjing Univ Chinese Med",
      "departments": [
        "Sch Chinese Med"
      ],
      "city": "Nanjing",
      "state": "Jiangsu",
      "zip_code": "210046",
      "country": "Peoples R China",
      "confidence": 0.95,
      "_metadata": {
        "added_at": "2025-11-11 14:17:54",
        "source": "gemini_ai",
        "original_query": {
          "institution": "Nanjing Univ Chinese Med",
          "city": "Nanjing",
          "country": "Peoples R China"
        }
      }
    },
    "nanjing univ|nanjing|peoples r china": {
      "institution_full_name": "Nanjing Univ",
      "departments": [],
      "city": "Nanjing",
      "state": "Jiangsu",
      "zip_code": "210096",
      "country": "Peoples R China",
      "confidence": 0.95,
      "_metadata": {
        "added_at": "2025-11-11 14:17:55",
        "source": "gemini_ai",
        "original_query": {
          "institution": "Nanjing Univ",
          "city": "Nanjing",
          "country": "Peoples R China"
        }
      }
    },
    "smart|secunderabad|india": {
      "institution_full_name": "SMART",
      "departments": [],
      "city": "Secunderabad",
      "state": "Telangana",
      "zip_code": null,
      "country": "India",
      "confidence": 0.75,
      "_metadata": {
        "added_at": "2025-11-11 14:17:56",
        "source": "gemini_ai",
        "original_query": {
          "institution": "SMART",
          "city": "Secunderabad",
          "country": "India"
        }
      }
    },
    "universitetet i oslo|oslo|norway": {
      "institution_full_name": "Univ Oslo",
      "departments": [
        "Sch Med",
        "Dept Pathol"
      ],
      "city": "Oslo",
      "state": null,
      "zip_code": null,
      "country": "Norway",
      "confidence": 0.95,
      "_metadata": {
        "added_at": "2025-11-11 14:17:58",
        "source": "gemini_ai",
        "original_query": {
          "institution": "Universitetet i Oslo",
          "city": "Oslo",
          "country": "Norway"
        }
      }
    },
    "mahatma gandhi univ|nalgonda|india": {
      "institution_full_name": "Mahatma Gandhi Univ",
      "departments": [],
      "city": "Nalgonda",
      "state": "Telangana",
      "zip_code": null,
      "country": "India",
      "confidence": 0.85,
      "_metadata": {
        "added_at": "2025-11-11 14:17:59",
        "source": "gemini_ai",
        "original_query": {
          "institution": "Mahatma Gandhi Univ",
          "city": "Nalgonda",
          "country": "India"
        }
      }
    },
    "translational res ctr|hyderabad|india": {
      "institution_full_name": "Translational Res Ctr",
      "departments": [],
      "city": "Hyderabad",
      "state": null,
      "zip_code": null,
      "country": "India",
      "confidence": 0.75,
      "_metadata": {
        "added_at": "2025-11-11 14:18:00",
        "source": "gemini_ai",
        "original_query": {
          "institution": "Translational Res Ctr",
          "city": "Hyderabad",
          "country": "India"
        }
      }
    },
    "dept med oncology|beijing|peoples r china": {
      "institution_full_name": "Dept Med Oncol",
      "departments": [
        "Med Oncol"
      ],
      "city": "Beijing",
      "state": "Beijing",
      "zip_code": null,
      "country": "Peoples R China",
      "confidence": 0.85,
      "_metadata": {
        "added_at": "2025-11-11 14:18:01",
        "source": "gemini_ai",
        "original_query": {
          "institution": "Dept Med Oncology",
          "city": "Beijing",
          "country": "Peoples R China"
        }
      }
    },
    "state key lab molecular oncology|beijing|peoples r china": {
      "institution_full_name": "State Key Lab Mol Oncol",
      "departments": [
        "Oncol & Hematol"
      ],
      "city": "Beijing",
      "state": "Beijing",
      "zip_code": null,
      "country": "Peoples R China",
      "confidence": 0.85,
      "_metadata": {
        "added_at": "2025-11-11 14:18:02",
        "source": "gemini_ai",
        "original_query": {
          "institution": "State Key Lab Molecular Oncology",
          "city": "Beijing",
          "country": "Peoples R China"
        }
      }
    },
    "peking univ first hosp|beijing|peoples r china": {
      "institution_full_name": "Peking Univ First Hosp",
      "departments": [
        "Dept Med",
        "Dept Surg"
      ],
      "city": "Beijing",
      "state": "Beijing",
      "zip_code": "100034",
      "country": "Peoples R China",
      "confidence": 0.95,
      "_metadata": {
        "added_at": "2025-11-11 14:18:03",
        "source": "gemini_ai",
        "original_query": {
          "institution": "Peking Univ First Hosp",
          "city": "Beijing",
          "country": "Peoples R China"
        }
      }
    },
    "qingdao univ|qingdao|peoples r china": {
      "institution_full_name": "Qingdao Univ",
      "departments": [
        "Sch Med",
        "Dept Pathol"
      ],
      "city": "Qingdao",
      "state": "Shandong",
      "zip_code": "266071",
      "country": "Peoples R China",
      "confidence": 0.92,
      "_metadata": {
        "added_at": "2025-11-11 14:18:04",
        "source": "gemini_ai",
        "original_query": {
          "institution": "Qingdao Univ",
          "city": "Qingdao",
          "country": "Peoples R China"
        }
      }
    },
    "dept thoracic surgery|beijing|peoples r china": {
      "institution_full_name": "Dept Thoracic Surg",
      "departments": [
        "Thoracic Surg"
      ],
      "city": "Beijing",
      "state": "Beijing",
      "zip_code": null,
      "country": "Peoples R China",
      "confidence": 0.75,
      "_metadata": {
        "added_at": "2025-11-11 14:18:06",
        "source": "gemini_ai",
        "original_query": {
          "institution": "Dept Thoracic Surgery",
          "city": "Beijing",
          "country": "Peoples R China"
        }
      }
    },
    "zunyi med univ|zunyi|peoples r china": {
      "institution_full_name": "Zunyi Med Univ",
      "departments": [
        "Sch Med"
      ],
      "city": "Zunyi",
      "state": "Guizhou",
      "zip_code": "563000",
      "country": "Peoples R China",
      "confidence": 0.9,
      "_metadata": {
        "added_at": "2025-11-11 14:18:07",
        "source": "gemini_ai",
        "original_query": {
          "institution": "Zunyi Med Univ",
          "city": "Zunyi",
          "country": "Peoples R China"
        }
      }
    },
    "med res ctr|beijing|peoples r china": {
      "institution_full_name": "Med Res Ctr",
      "departments": [],
      "city": "Beijing",
      "state": "Beijing",
      "zip_code": null,
      "country": "Peoples R China",
      "confidence": 0.75,
      "_metadata": {
        "added_at": "2025-11-11 14:18:08",
        "source": "gemini_ai",
        "original_query": {
          "institution": "Med Res Ctr",
          "city": "Beijing",
          "country": "Peoples R China"
        }
      }
    },
    "peking univ peoples hosp|beijing|peoples r china": {
      "institution_full_name": "Peking Univ People's Hosp",
      "departments": [
        "Dept Med",
        "Dept Surg"
      ],
      "city": "Beijing",
      "state": "Beijing",
      "zip_code": "100044",
      "country": "Peoples R China",
      "confidence": 0.95,
      "_metadata": {
        "added_at": "2025-11-11 14:18:09",
        "source": "gemini_ai",
        "original_query": {
          "institution": "Peking Univ People's Hosp",
          "city": "Beijing",
          "country": "Peoples R China"
        }
      }
    },
    "peking univ health sci ctr|beijing|peoples r china": {
      "institution_full_name": "Peking Univ Health Sci Ctr",
      "departments": [
        "Sch Med",
        "Dept Pathol"
      ],
      "city": "Beijing",
      "state": "Beijing",
      "zip_code": "100000",
      "country": "Peoples R China",
      "confidence": 0.95,
      "_metadata": {
        "added_at": "2025-11-11 14:18:11",
        "source": "gemini_ai",
        "original_query": {
          "institution": "Peking Univ Health Sci Ctr",
          "city": "Beijing",
          "country": "Peoples R China"
        }
      }
    },
    "univ central florida|dept pathol lab med|usa": {
      "institution_full_name": "Univ Central Florida",
      "departments": [
        "Dept Pathol & Lab Med"
      ],
      "city": "Orlando",
      "state": "FL",
      "zip_code": "32816",
      "country": "USA",
      "confidence": 0.95,
      "_metadata": {
        "added_at": "2025-11-11 14:24:16",
        "source": "gemini_ai",
        "original_query": {
          "institution": "Univ Central Florida",
          "city": "Dept Pathol & Lab Med",
          "country": "USA"
        }
      }
    },
    "innovation academy precision measurement sci technol|wuhan|peoples r china": {
      "institution_full_name": "Innovation Acad Precision Measurement Sci & Technol",
      "departments": [],
      "city": "Wuhan",
      "state": "Hubei",
      "zip_code": null,
      "country": "Peoples R China",
      "confidence": 0.75,
      "_metadata": {
        "added_at": "2025-11-11 14:24:17",
        "source": "gemini_ai",
        "original_query": {
          "institution": "Innovation Academy Precision Measurement Sci & Technol",
          "city": "Wuhan",
          "country": "Peoples R China"
        }
      }
    },
    "univ chinese academy sci|beijing|peoples r china": {
      "institution_full_name": "Univ Chinese Acad Sci",
      "departments": [
        "Sch Sci"
      ],
      "city": "Beijing",
      "state": "Beijing",
      "zip_code": "100049",
      "country": "Peoples R China",
      "confidence": 0.95,
      "_metadata": {
        "added_at": "2025-11-11 14:24:19",
        "source": "gemini_ai",
        "original_query": {
          "institution": "Univ Chinese Academy Sci",
          "city": "Beijing",
          "country": "Peoples R China"
        }
      }
    },
    "med inst neuroscience discovery ummind|baltimore|usa": {
      "institution_full_name": "Med Inst Neurosci Discovery",
      "departments": [
        "Sch Med",
        "Dept Neurosci"
      ],
      "city": "Baltimore",
      "state": "MD",
      "zip_code": "21201",
      "country": "USA",
      "confidence": 0.95,
      "_metadata": {
        "added_at": "2025-11-11 14:24:20",
        "source": "gemini_ai",
        "original_query": {
          "institution": "Med Inst Neuroscience Discovery (UM-MIND)",
          "city": "Baltimore",
          "country": "USA"
        }
      }
    },
    "hainan univ|haikou|peoples r china": {
      "institution_full_name": "Hainan Univ",
      "departments": [
        "Sch Med",
        "Dept Pathol"
      ],
      "city": "Haikou",
      "state": "Hainan",
      "zip_code": "570208",
      "country": "Peoples R China",
      "confidence": 0.92,
      "_metadata": {
        "added_at": "2025-11-11 14:24:21",
        "source": "gemini_ai",
        "original_query": {
          "institution": "Hainan Univ",
          "city": "Haikou",
          "country": "Peoples R China"
        }
      }
    },
    "shanghai univ traditional chinese med|shanghai|peoples r china": {
      "institution_full_name": "Shanghai Univ Tradit Chinese Med",
      "departments": [
        "Sch Tradit Chinese Med",
        "Dept Basic Med"
      ],
      "city": "Shanghai",
      "state": "Shanghai",
      "zip_code": "201203",
      "country": "Peoples R China",
      "confidence": 0.95,
      "_metadata": {
        "added_at": "2025-11-11 14:24:22",
        "source": "gemini_ai",
        "original_query": {
          "institution": "Shanghai Univ Traditional Chinese Med",
          "city": "Shanghai",
          "country": "Peoples R China"
        }
      }
    },
    "shanghai seventh peoples hosp|shanghai|peoples r china": {
      "institution_full_name": "Shanghai Seventh People's Hosp",
      "departments": [
        "Dept Med",
        "Dept Surg"
      ],
      "city": "Shanghai",
      "state": "Shanghai",
      "zip_code": "200233",
      "country": "Peoples R China",
      "confidence": 0.9,
      "_metadata": {
        "added_at": "2025-11-11 14:24:23",
        "source": "gemini_ai",
        "original_query": {
          "institution": "Shanghai Seventh People's Hosp",
          "city": "Shanghai",
          "country": "Peoples R China"
        }
      }
    },
    "student res committee|tabriz|iran": {
      "institution_full_name": "Student Res Comm",
      "departments": [],
      "city": "Tabriz",
      "state": null,
      "zip_code": null,
      "country": "Iran",
      "confidence": 0.65,
      "_metadata": {
        "added_at": "2025-11-11 14:24:24",
        "source": "gemini_ai",
        "original_query": {
          "institution": "Student Res Committee",
          "city": "Tabriz",
          "country": "Iran"
        }
      }
    },
    "faculty pharm|tabriz|iran": {
      "institution_full_name": "Fac Pharm",
      "departments": [
        "Sch Pharm"
      ],
      "city": "Tabriz",
      "state": null,
      "zip_code": null,
      "country": "Iran",
      "confidence": 0.75,
      "_metadata": {
        "added_at": "2025-11-11 14:24:26",
        "source": "gemini_ai",
        "original_query": {
          "institution": "Faculty Pharm",
          "city": "Tabriz",
          "country": "Iran"
        }
      }
    },
    "tabriz univ med sci|tabriz|iran": {
      "institution_full_name": "Tabriz Univ Med Sci",
      "departments": [
        "Sch Med",
        "Dept Pathol"
      ],
      "city": "Tabriz",
      "state": null,
      "zip_code": null,
      "country": "Iran",
      "confidence": 0.9,
      "_metadata": {
        "added_at": "2025-11-11 14:24:27",
        "source": "gemini_ai",
        "original_query": {
          "institution": "Tabriz Univ Med Sci",
          "city": "Tabriz",
          "country": "Iran"
        }
      }
    },
    "biotechnology res ctr|tabriz|iran": {
      "institution_full_name": "Biotech Res Ctr",
      "departments": [],
      "city": "Tabriz",
      "state": null,
      "zip_code": null,
      "country": "Iran",
      "confidence": 0.75,
      "_metadata": {
        "added_at": "2025-11-11 14:24:28",
        "source": "gemini_ai",
        "original_query": {
          "institution": "Biotechnology Res Ctr",
          "city": "Tabriz",
          "country": "Iran"
        }
      }
    },
    "shanghai jiao tong univ|shanghai|peoples r china": {
      "institution_full_name": "Shanghai Jiao Tong Univ",
      "departments": [
        "Sch Med",
        "Dept Bioeng"
      ],
      "city": "Shanghai",
      "state": "Shanghai",
      "zip_code": "200240",
      "country": "Peoples R China",
      "confidence": 0.95,
      "_metadata": {
        "added_at": "2025-11-11 14:24:30",
        "source": "gemini_ai",
        "original_query": {
          "institution": "Shanghai Jiao Tong Univ",
          "city": "Shanghai",
          "country": "Peoples R China"
        }
      }
    },
    "newark|newark college engn|usa": {
      "institution_full_name": "Rutgers Univ Newark",
      "departments": [
        "Sch Engn"
      ],
      "city": "Newark",
      "state": "NJ",
      "zip_code": "07102",
      "country": "USA",
      "confidence": 0.95,
      "_metadata": {
        "added_at": "2025-11-11 14:24:31",
        "source": "gemini_ai",
        "original_query": {
          "institution": "Newark",
          "city": "Newark College Engn",
          "country": "USA"
        }
      }
    },
    "jiangsu cancer hosp|nanjing|peoples r china": {
      "institution_full_name": "Jiangsu Canc Hosp",
      "departments": [
        "Oncol & Hematol"
      ],
      "city": "Nanjing",
      "state": "Jiangsu",
      "zip_code": "210029",
      "country": "Peoples R China",
      "confidence": 0.95,
      "_metadata": {
        "added_at": "2025-11-11 14:24:32",
        "source": "gemini_ai",
        "original_query": {
          "institution": "Jiangsu Cancer Hosp",
          "city": "Nanjing",
          "country": "Peoples R China"
        }
      }
    },
    "third affiliated hosp soochow univ|changzhou|peoples r china": {
      "institution_full_name": "Third Affil Hosp Soochow Univ",
      "departments": [
        "Dept Med",
        "Dept Surg"
      ],
      "city": "Changzhou",
      "state": "Jiangsu",
      "zip_code": "213003",
      "country": "Peoples R China",
      "confidence": 0.92,
      "_metadata": {
        "added_at": "2025-11-11 14:24:33",
        "source": "gemini_ai",
        "original_query": {
          "institution": "Third Affiliated Hosp Soochow Univ",
          "city": "Changzhou",
          "country": "Peoples R China"
        }
      }
    },
    "jiangsu biobank clin resources|nanjing|peoples r china": {
      "institution_full_name": "Jiangsu Biobank Clin Resources",
      "departments": [],
      "city": "Nanjing",
      "state": "Jiangsu",
      "zip_code": null,
      "country": "Peoples R China",
      "confidence": 0.85,
      "_metadata": {
        "added_at": "2025-11-11 14:24:34",
        "source": "gemini_ai",
        "original_query": {
          "institution": "Jiangsu Biobank Clin Resources",
          "city": "Nanjing",
          "country": "Peoples R China"
        }
      }
    },
    "nanjing med univ|nanjing|peoples r china": {
      "institution_full_name": "Nanjing Med Univ",
      "departments": [
        "Sch Med",
        "Dept Pathol"
      ],
      "city": "Nanjing",
      "state": "Jiangsu",
      "zip_code": "210029",
      "country": "Peoples R China",
      "confidence": 0.95,
      "_metadata": {
        "added_at": "2025-11-11 14:24:36",
        "source": "gemini_ai",
        "original_query": {
          "institution": "Nanjing Med Univ",
          "city": "Nanjing",
          "country": "Peoples R China"
        }
      }
    },
    "the first bethune hosp jilin univ|changchun|peoples r china": {
      "institution_full_name": "First Bethune Hosp Jilin Univ",
      "departments": [
        "Sch Med"
      ],
      "city": "Changchun",
      "state": "Jilin",
      "zip_code": "130021",
      "country": "Peoples R China",
      "confidence": 0.9,
      "_metadata": {
        "added_at": "2025-11-11 14:24:37",
        "source": "gemini_ai",
        "original_query": {
          "institution": "The First Bethune Hosp Jilin Univ",
          "city": "Changchun",
          "country": "Peoples R China"
        }
      }
    },
    "jilin univ|changchun|peoples r china": {
      "institution_full_name": "Jilin Univ",
      "departments": [
        "Sch Med",
        "Dept Pathol"
      ],
      "city": "Changchun",
      "state": "Jilin",
      "zip_code": "130012",
      "country": "Peoples R China",
      "confidence": 0.95,
      "_metadata": {
        "added_at": "2025-11-11 14:24:39",
        "source": "gemini_ai",
        "original_query": {
          "institution": "Jilin Univ",
          "city": "Changchun",
          "country": "Peoples R China"
        }
      }
    },
    "college chem|changchun|peoples r china": {
      "institution_full_name": "Coll Chem",
      "departments": [],
      "city": "Changchun",
      "state": "Jilin",
      "zip_code": "130021",
      "country": "Peoples R China",
      "confidence": 0.85,
      "_metadata": {
        "added_at": "2025-11-11 14:24:40",
        "source": "gemini_ai",
        "original_query": {
          "institution": "College Chem",
          "city": "Changchun",
          "country": "Peoples R China"
        }
      }
    },
    "harvard med school|dept radiation oncology|usa": {
      "institution_full_name": "Harvard Med Sch",
      "departments": [
        "Dept Radiation Oncol"
      ],
      "city": "Boston",
      "state": "MA",
      "zip_code": "02115",
      "country": "USA",
      "confidence": 0.98,
      "_metadata": {
        "added_at": "2025-11-11 14:24:47",
        "source": "gemini_ai",
        "original_query": {
          "institution": "Harvard Med School",
          "city": "Dept Radiation Oncology",
          "country": "USA"
        }
      }
    },
    "nh theraguix sa|meulan|france": {
      "institution_full_name": "NH TherAguix SA",
      "departments": [],
      "city": "Meulan",
      "state": null,
      "zip_code": null,
      "country": "France",
      "confidence": 0.75,
      "_metadata": {
        "added_at": "2025-11-11 14:24:49",
        "source": "gemini_ai",
        "original_query": {
          "institution": "NH TherAguix SA",
          "city": "Meulan",
          "country": "France"
        }
      }
    },
    "departamento de química da faculdade de filosofia|sao paulo|brazil": {
      "institution_full_name": "Fac Filos Cienc Letras Dept Quim",
      "departments": [
        "Dept Quim"
      ],
      "city": "Sao Paulo",
      "state": "SP",
      "zip_code": null,
      "country": "Brazil",
      "confidence": 0.85,
      "_metadata": {
        "added_at": "2025-11-11 14:25:34",
        "source": "gemini_ai",
        "original_query": {
          "institution": "Departamento de Química da Faculdade de Filosofia",
          "city": "Sao Paulo",
          "country": "Brazil"
        }
      }
    },
    "institutes biomedical sci|shanghai|peoples r china": {
      "institution_full_name": "Inst Biomed Sci",
      "departments": [],
      "city": "Shanghai",
      "state": "Shanghai",
      "zip_code": null,
      "country": "Peoples R China",
      "confidence": 0.85,
      "_metadata": {
        "added_at": "2025-11-11 14:27:17",
        "source": "gemini_ai",
        "original_query": {
          "institution": "Institutes Biomedical Sci",
          "city": "Shanghai",
          "country": "Peoples R China"
        }
      }
    },
    "fudan univ|shanghai|peoples r china": {
      "institution_full_name": "Fudan Univ",
      "departments": [
        "Sch Med",
        "Dept Pathol"
      ],
      "city": "Shanghai",
      "state": "Shanghai",
      "zip_code": "200032",
      "country": "Peoples R China",
      "confidence": 0.95,
      "_metadata": {
        "added_at": "2025-11-11 14:27:18",
        "source": "gemini_ai",
        "original_query": {
          "institution": "Fudan Univ",
          "city": "Shanghai",
          "country": "Peoples R China"
        }
      }
    },
    "harbin med univ|harbin|peoples r china": {
      "institution_full_name": "Harbin Med Univ",
      "departments": [
        "Sch Med"
      ],
      "city": "Harbin",
      "state": "Heilongjiang",
      "zip_code": "150081",
      "country": "Peoples R China",
      "confidence": 0.95,
      "_metadata": {
        "added_at": "2025-11-11 14:27:19",
        "source": "gemini_ai",
        "original_query": {
          "institution": "Harbin Med Univ",
          "city": "Harbin",
          "country": "Peoples R China"
        }
      }
    },
    "beijing youan hosp|beijing|peoples r china": {
      "institution_full_name": "Beijing YouAn Hosp",
      "departments": [
        "Dept Infect Dis",
        "Dept Hepatol"
      ],
      "city": "Beijing",
      "state": "Beijing",
      "zip_code": "100069",
      "country": "Peoples R China",
      "confidence": 0.9,
      "_metadata": {
        "added_at": "2025-11-11 14:27:20",
        "source": "gemini_ai",
        "original_query": {
          "institution": "Beijing YouAn Hosp",
          "city": "Beijing",
          "country": "Peoples R China"
        }
      }
    },
    "mohan babu univ|tirupati|india": {
      "institution_full_name": "Mohan Babu Univ",
      "departments": [],
      "city": "Tirupati",
      "state": "Andhra Pradesh",
      "zip_code": null,
      "country": "India",
      "confidence": 0.75,
      "_metadata": {
        "added_at": "2025-11-11 14:27:22",
        "source": "gemini_ai",
        "original_query": {
          "institution": "Mohan Babu Univ",
          "city": "Tirupati",
          "country": "India"
        }
      }
    },
    "meenakshi academy higher education res|chennai|india": {
      "institution_full_name": "Meenakshi Acad Higher Educ & Res",
      "departments": [
        "Sch Med",
        "Dept Pathol"
      ],
      "city": "Chennai",
      "state": "Tamil Nadu",
      "zip_code": null,
      "country": "India",
      "confidence": 0.85,
      "_metadata": {
        "added_at": "2025-11-11 14:27:23",
        "source": "gemini_ai",
        "original_query": {
          "institution": "Meenakshi Academy Higher Education & Res",
          "city": "Chennai",
          "country": "India"
        }
      }
    },
    "kampala int univ|kampala|uganda": {
      "institution_full_name": "Kampala Int Univ",
      "departments": [],
      "city": "Kampala",
      "state": null,
      "zip_code": null,
      "country": "Uganda",
      "confidence": 0.85,
      "_metadata": {
        "added_at": "2025-11-11 14:27:24",
        "source": "gemini_ai",
        "original_query": {
          "institution": "Kampala Int Univ",
          "city": "Kampala",
          "country": "Uganda"
        }
      }
    },
    "indian inst technol bhilai|bhilai|india": {
      "institution_full_name": "Indian Inst Technol Bhilai",
      "departments": [
        "Dept Electr Eng",
        "Dept Comp Sci Eng"
      ],
      "city": "Bhilai",
      "state": "Chhattisgarh",
      "zip_code": null,
      "country": "India",
      "confidence": 0.85,
      "_metadata": {
        "added_at": "2025-11-11 14:27:25",
        "source": "gemini_ai",
        "original_query": {
          "institution": "Indian Inst Technol Bhilai",
          "city": "Bhilai",
          "country": "India"
        }
      }
    },
    "llc|upshersmith laboratories|usa": {
      "institution_full_name": "Upsher-Smith Labs LLC",
      "departments": [],
      "city": "Plymouth",
      "state": "MN",
      "zip_code": "55447",
      "country": "USA",
      "confidence": 0.9,
      "_metadata": {
        "added_at": "2025-11-11 14:27:26",
        "source": "gemini_ai",
        "original_query": {
          "institution": "LLC.",
          "city": "Upsher-Smith Laboratories",
          "country": "USA"
        }
      }
    },
    "pasteur inst iran|tehran|iran": {
      "institution_full_name": "Pasteur Inst Iran",
      "departments": [],
      "city": "Tehran",
      "state": null,
      "zip_code": null,
      "country": "Iran",
      "confidence": 0.9,
      "_metadata": {
        "added_at": "2025-11-11 14:27:28",
        "source": "gemini_ai",
        "original_query": {
          "institution": "Pasteur Inst Iran",
          "city": "Tehran",
          "country": "Iran"
        }
      }
    },
    "univ kansas school med|division med oncology|usa": {
      "institution_full_name": "Univ Kansas Sch Med",
      "departments": [
        "Med Oncol"
      ],
      "city": "Kansas City",
      "state": "KS",
      "zip_code": "66160",
      "country": "USA",
      "confidence": 0.95,
      "_metadata": {
        "added_at": "2025-11-11 14:27:29",
        "source": "gemini_ai",
        "original_query": {
          "institution": "Univ Kansas School Med",
          "city": "Division Med Oncology",
          "country": "USA"
        }
      }
    },
    "univ kansas school med|kansas city|usa": {
      "institution_full_name": "Univ Kansas Sch Med",
      "departments": [
        "Sch Med",
        "Dept Pathol"
      ],
      "city": "Kansas City",
      "state": "KS",
      "zip_code": "66160",
      "country": "USA",
      "confidence": 0.98,
      "_metadata": {
        "added_at": "2025-11-11 14:27:30",
        "source": "gemini_ai",
        "original_query": {
          "institution": "Univ Kansas School Med",
          "city": "Kansas City",
          "country": "USA"
        }
      }
    },
    "univ kansas cancer ctr|dept cancer biol|usa": {
      "institution_full_name": "Univ Kansas Canc Ctr",
      "departments": [
        "Dept Canc Biol",
        "Oncol & Hematol"
      ],
      "city": "Kansas City",
      "state": "KS",
      "zip_code": "66160",
      "country": "USA",
      "confidence": 0.95,
      "_metadata": {
        "added_at": "2025-11-11 14:27:31",
        "source": "gemini_ai",
        "original_query": {
          "institution": "Univ Kansas Cancer Ctr",
          "city": "Dept Cancer Biol",
          "country": "USA"
        }
      }
    },
    "ku school engn|lawrence|usa": {
      "institution_full_name": "Univ Kansas Sch Engn",
      "departments": [
        "Sch Engn"
      ],
      "city": "Lawrence",
      "state": "KS",
      "zip_code": "66045",
      "country": "USA",
      "confidence": 0.95,
      "_metadata": {
        "added_at": "2025-11-11 14:27:32",
        "source": "gemini_ai",
        "original_query": {
          "institution": "KU School Engn",
          "city": "Lawrence",
          "country": "USA"
        }
      }
    },
    "anhui univ chinese med|hefei|peoples r china": {
      "institution_full_name": "Anhui Univ Chinese Med",
      "departments": [
        "Sch Trad Chinese Med"
      ],
      "city": "Hefei",
      "state": "Anhui",
      "zip_code": "230038",
      "country": "Peoples R China",
      "confidence": 0.92,
      "_metadata": {
        "added_at": "2025-11-11 14:27:34",
        "source": "gemini_ai",
        "original_query": {
          "institution": "Anhui Univ Chinese Med",
          "city": "Hefei",
          "country": "Peoples R China"
        }
      }
    },
    "key lab environmental toxicology pollution control technol anhui province|hefei|peoples r china": {
      "institution_full_name": "Key Lab Environ Toxicol & Pollut Control Technol Anhui Prov",
      "departments": [
        "Environ Sci"
      ],
      "city": "Hefei",
      "state": "Anhui",
      "zip_code": "230039",
      "country": "Peoples R China",
      "confidence": 0.85,
      "_metadata": {
        "added_at": "2025-11-11 14:27:35",
        "source": "gemini_ai",
        "original_query": {
          "institution": "Key Lab Environmental Toxicology & Pollution Control Technol Anhui Province",
          "city": "Hefei",
          "country": "Peoples R China"
        }
      }
    },
    "engn technol res ctr modernized pharmaceutics|hefei|peoples r china": {
      "institution_full_name": "Engn Technol Res Ctr Modernized Pharmaceutics",
      "departments": [
        "Sch Pharm"
      ],
      "city": "Hefei",
      "state": "Anhui",
      "zip_code": "230026",
      "country": "Peoples R China",
      "confidence": 0.85,
      "_metadata": {
        "added_at": "2025-11-11 14:27:36",
        "source": "gemini_ai",
        "original_query": {
          "institution": "Engn Technol Res Ctr Modernized Pharmaceutics",
          "city": "Hefei",
          "country": "Peoples R China"
        }
      }
    },
    "anhui provincial key lab res development chinese med|hefei|peoples r china": {
      "institution_full_name": "Anhui Prov Key Lab Res & Dev Chinese Med",
      "departments": [
        "Sch Basic Med"
      ],
      "city": "Hefei",
      "state": "Anhui",
      "zip_code": "230032",
      "country": "Peoples R China",
      "confidence": 0.85,
      "_metadata": {
        "added_at": "2025-11-11 14:27:37",
        "source": "gemini_ai",
        "original_query": {
          "institution": "Anhui Provincial Key Lab Res & Development Chinese Med",
          "city": "Hefei",
          "country": "Peoples R China"
        }
      }
    },
    "jinan univ|guangzhou|peoples r china": {
      "institution_full_name": "Jinan Univ",
      "departments": [
        "Sch Med",
        "Dept Pathol"
      ],
      "city": "Guangzhou",
      "state": "Guangdong",
      "zip_code": "510632",
      "country": "Peoples R China",
      "confidence": 0.95,
      "_metadata": {
        "added_at": "2025-11-11 14:27:38",
        "source": "gemini_ai",
        "original_query": {
          "institution": "Jinan Univ",
          "city": "Guangzhou",
          "country": "Peoples R China"
        }
      }
    }
  }
}